actual_tweet,sentiment
New TShirt Bloody Pablo pabloescobar plataoplomo colombia narcos Bogota france,negative
NARCOS x 40s amp Shorties AVIATION RUGBYblackhouse075 netflix narcos40sandshorties BLACK HOUSE,negative
NARCOS x 40s amp Shorties Special collaborationblackhouse075 netflix narcos40sandshorties BLACK HOUSE,positive
you should start watching narcosIt will be phun,neutral
Foreign Affairs Secretary Teddyboy Locsin lashed out yesterday at groups and countries imposing Western methods on the war o,negative
But no matter how you decorate it a cage is still a cage HostelDiaries Narcos,neutral
Directed by star in their own film in Narcos ft special guest,positive
Foreign Affairs Secretary Teddyboy Locsin lashed out yesterday at groups and countries imposing Western methods on the war o,negative
NARCOS x 40s amp Shorties MUERTE JACKETblackhouse075 narcos40sampShorties BLACK HOUSE,negative
Foreign Affairs Secretary Teddyboy Locsin lashed out yesterday at groups and countries imposing Western methods on the war o,negative
I swear I was going to bed but then Narcos happened IBlameNetflix,neutral
When is Narcos new season coming Netflix,positive
Foreign Affairs Secretary Teddyboy Locsin lashed out yesterday at groups and countries imposing Western methods on the war o,negative
Ive just watched episode S02E07 of Narcos narcos tvtime,neutral
Ive just watched episode S01E02 of Narcos narcos tvtime,neutral
Foreign Affairs Secretary Teddyboy Locsin lashed out yesterday at groups and countries imposing Western methods on the war o,negative
I swear I was going to bed but then Narcos happened IBlameNetflix,neutral
I swear I was going to bed but then Narcos happened IBlameNetflix,neutral
Which one should I watch firstNarcos HouseOfCards,neutral
New IGBeautiful smile amp beautiful wordingMauriceCompte Narcos MayansFX Mayans MayansMC TheLastShip TheLastShi,positive
The Rise and Fall of the Cali Cartel by Ron Chepesuik are the subject of the netflix series narcos 3 It is the f,negative
Dont let the negative comments dissuade you from watching Im going to watch again Not binge but watch,negative
Ive just watched episode S01E01 of Narcos narcos tvtime,neutral
New IGBeautiful smile amp beautiful wordingMauriceCompte Narcos MayansFX Mayans MayansMC TheLastShip TheLastShi,positive
New IGBeautiful smile amp beautiful wordingMauriceCompte Narcos MayansFX Mayans MayansMC TheLastShip,positive
Foreign Affairs Secretary Teddyboy Locsin lashed out yesterday at groups and countries imposing Western methods on the war o,negative
The bad guys need to get lucky every time The good guys just need to get lucky once Thoughtful Narcos,positive
Really glad to be back in our motherland of Colombia You might have seen the famous se,positive
Time to beast through Narcos again before season 2 starts Narcos,neutral
The bad guys need to get lucky every time The good guys just need to get lucky once Thoughtful Narcos,positive
Only 10 more days before Narcos Season 4 Mexico Narcos Visit the website to see the LIVE countdown,positive
Foreign Affairs Secretary Teddyboy Locsin lashed out yesterday at groups and countries imposing Western methods on the war o,negative
Ive just watched episode S02E06 of Narcos narcos tvtime,neutral
Ive just watched episode S02E05 of Narcos narcos tvtime,neutral
Foreign Affairs Secretary Teddyboy Locsin lashed out yesterday at groups and countries imposing Western methods on the war o,negative
Foreign Affairs Secretary Teddyboy Locsin lashed out yesterday at groups and countries imposing Western methods on the war o,negative
The Rise and Fall of the Cali Cartel by Ron Chepesuik are the subject of the netflix series narcos 3 It is the f,negative
Directly into my top 5 favorite series Narcos,positive
seems to have the LGBT agenda at the core of their programmingMy favourite shows Spartacus Narcos,neutral
pop art of graffiti characterdesign graffiti graffitiart graffitilove graffitiporn artist,neutral
Foreign Affairs Secretary Teddyboy Locsin lashed out yesterday at groups and countries imposing Western methods on the war o,negative
Narcos Donald Trumps Wall Is Not Going to Stop Anythingvia,neutral
Ive just watched episode S01E03 of Narcos narcos tvtime,neutral
The art of tummy rubbingillustration narcos photoshop pabloescobar,neutral
RobinWright takes over HouseOfCards and Michael Pea comes to Narcos only on Netflix this November,neutral
If you have ever watched Narcos it is like that non stop marica and Maricon among friends T,neutral
Police amp Military Counter Terrorism amp Tactical Training military defense defence,negative
Ive never watched Narcos but I want to watch this new season because I like Michael Pena Do I need to watch the previous seasons,negative
Washington Has A Dark SecretSuperstar Supergirl FamilyGuy ted MacGyver Homeland,negative
Foreign Affairs Secretary Teddyboy Locsin lashed out yesterday at groups and countries imposing Western methods on the war o,negative
Little buffalo chicken wings for a Sunday afternoon and watching Narcos North Ontario California,negative
This summed up my thoughts about Narcos I enjoyed every second through this serious Narcos Netflix,positive
This song is so old but i still vibe out to it The feature i did with,positive
That Narcos commercial with Diego Luna,neutral
Foreign Affairs Secretary Teddyboy Locsin lashed out yesterday at groups and countries imposing Western methods on,negative
Robin Wright takes over HouseOfCards and Michael Pea comes to Narcos only on Netflix this November breaks,neutral
Robin Wright takes over HouseOfCards and Michael Pea comes to Narcos only on Netflix this November breaks,neutral
Robin Wright takes over HouseOfCards and Michael Pea comes to Narcos only on Netflix this November breaks,neutral
Robin Wright takes over HouseOfCards and Michael Pea comes to Narcos only on Netflix this November breaks,neutral
Robin Wright takes over HouseOfCards and Michael Pea comes to Narcos only on Netflix this November breaks,neutral
Robin Wright takes over HouseOfCards and Michael Pea comes to Narcos only on Netflix this November,neutral
Killing amp Dying for Americas AddictionThe source of Narco Terrorism in Mexico and Latin America is the USs drug addi,neutral
new tshirt Plataoplomo pabloescobar narcos NetflixAndChill,positive
Am I the only one who learned how to curse in Spanish by watching Narcos,neutral
Im watching Narcos Narcos Netflix via Telfie,neutral
When she wake up talking bout Narcos peeping all the Govt BS,neutral
Narcos on sunday NetlfixMood,neutral
Cold is coming Sizzle things up with red hot 8x awardwinning BUCCANEER Erotic romance Medellin Cartel pilots a,positive
12 days left Narcos,neutral
Why do all billionaire drug dealers dress like Richard Simmons chapo pabloescobar pablo narcos,neutral
Killing amp Dying for Americas AddictionThe source of Narco Terrorism in Mexico and Latin America is the USs drug,neutral
im crying they killed carrillo nooo narcos,negative
Watching ElChapo feels like cheating on Narcos Both shows are very underrated,neutral
Gad Watching Narcos these days,neutral
Binge watching NARCOS season 3 Im so pissed Question How in the hell is it possible that no one was able to k,positive
A tale of narcos blood betrayal and family bonds or how ElChapo came to trial,neutral
why is pinzn so dumb istg they couldve caught escobar if he didnt go by the front road aldjsjakkdd narcos,negative
TIMESMag Sr Cultivation Editor was a featured guest of Ep139 Hear the FULL unedited interview,positive
Remember remember the 16th of November Narcos Netflix Mexico,neutral
Here it comes Narcos Netflix,neutral
TIMESMag Sr Cultivation Editor was a featured guest of Ep139 Hear the FULL unedited intervie,positive
Ive just watched episode S02E04 of Narcos narcos tvtime,neutral
We are bandits not snitches Narcos,neutral
Ive just watched episode S02E03 of Narcos narcos tvtime,neutral
Navegante straight up assassin Narcos WVUvsTexas,positive
Have you been binge watching Netflix Here are the top Netflix Original Series that were searched for globally within the las,positive
Have you been binge watching Netflix Here are the top Netflix Original Series that were searched for globally wit,positive
Ive just watched episode S03E02 of Narcos narcos tvtime,neutral
Narcos Netflix what an amazing serie Congrats at all actors and staff for all the episodes I can,positive
No man Mexico can go all Narcos on them witches,neutral
Ive just watched episode S03E01 of Narcos narcos tvtime,neutral
Ive just watched episode S02E10 of Narcos narcos tvtime,neutral
I know these men are wicked but when Gudtsvo died I felt that Narcos,neutral
Add these shows to your list and bingewatch on weekend Netflix NetflixTH Showtime tvshow series BreakingBad mindhunt,neutral
After watching Narcos Im pretty sure my next gf should be Columbian Those women are down to the end ColumbianBride,positive
So close to heaven yet so far from God narcos,positive
me finally catching up on narcos season 2 after a million years,positive
Nov 16 Narcos Nov 25 DirtyJohn Dec 5 MrsMaiselHeres your guide to every upcoming TV premiere of 2018,neutral
Narcos eSports Logo To Buy Online Buy it here mascot mascotlogos mascotlogo gamer,neutral
Colombia Hundreds displaced by fighting between narcos and guerrillas ELN DrugCartels Colombia,neutral
Now you can access these series on Netflix with the help of XFINITY TV along with your other entertainmentjust CAL,neutral
Ive just watched episode S03E09 of Narcos narcos tvtime,neutral
Ive just watched episode S03E08 of Narcos narcos tvtime,neutral
On set with for the video spot of the new series A great honor and pleasure to work,positive
probable o narcos,neutral
When are you gonna drop the solo album Looking for that Narcos flow,neutral
Narcos Season3 Finally November16 I Cant Wait,neutral
Ive just watched episode S02E01 of Narcos narcos tvtime,neutral
My shooter Pablo is back Narcos,neutral
Im also super excited to watch s first feature length film Prospect with Pedro Pascal from GoT amp,positive
Narcos Vikings and House of Cards are among the months top binge tv offerings,positive
I love my friends A buddy sent me this billboard photo in middle of a rough day and it immediately reminded me how,positive
i love walkittalkit badboujie narcos and all the,positive
I was born amp raised in Medellin Colombia an amazing amp vibrant city in the middle of the mountainsPlease do not menti,positive
Bablo Escopar narcos Netflix when a bad guy be the smarter one I Loved his story,positive
Narcos Vikings and House of Cards are among the months top binge tv offerings,positive
Mood Narcos,neutral
TUYO Narcos theme song New Cover by artist Narcos Netflix Nintendo cover tuyo art voice voz please vis,positive
For the second time Narcos,neutral
My shooter Pablo is back Narcos,neutral
Ive just watched episode S01E10 of Narcos narcos tvtime,neutral
Narcos Vikings and House of Cards are among the months top binge tv offerings,positive
Well evidently Mexican Narcos have taught a thing of two to the world 43Students,neutral
Narcos Vikings and House of Cards are among the months top binge tv offerings,positive
Narcos returns Nov 16 Check out the new cast in the official trailer for NarcosMexico and get the scoop on the new ca,positive
Narcos Vikings and House of Cards are among the months top binge tv offerings,positive
Narcos Vikings and House of Cards are among the months top binge tv offerings,positive
Narcos Vikings and House of Cards are among the months top binge tv offerings,positive
Narcos Vikings and House of Cards are among the months top binge tv offerings,positive
Narcos Vikings and House of Cards are among the months top binge tv offerings,positive
Narcos Vikings and House of Cards are among the months top binge tv offerings,positive
Narcos Vikings and House of Cards are among the months top binge tv offerings,positive
Narcos Vikings and House of Cards are among the months top binge tv offerings,positive
Narcos Vikings and House of Cards are among the months top binge tv offerings,positive
TUYO Narcos theme song New Cover by artist Narcos Netflix Nintendo cover tuyo art voice voz please vis,positive
Narcos Vikings and House of Cards are among the months top binge tv offerings,positive
Narcos Vikings and House of Cards are among the months top binge tv offerings,positive
Narcos Vikings and House of Cards are among the months top binge tv offerings,positive
Narcos Vikings and House of Cards are among the months top binge tv offerings,positive
Narcos Vikings and House of Cards are among the months top binge tv offerings,positive
Narcos Vikings and House of Cards are among the months top binge tv offerings,positive
TUYO Narcos theme song New Cover by artist Narcos Netflix Nintendo cover tuyo art voice voz please vis,positive
Ok Ive watched BreakingBad BetterCallSaul Ozark and just finishing Narcos What should I be watching next,positive
Looking forward to a few peeves up the flute with and hopefully Tommy gunnz from graft can,neutral
I religious aspects of Gomorra salience of Catholicism to the Camorra is highlighted as a scholar who has written o,neutral
Narcos star cast in Mumbai and we cant keep calm,positive
This looks SO good Narcos NarcosMexico,positive
Ya baby its BadBoys3 for along time and know announced kuwait q8 bahrain qatar jeddah dubai lifestyles,neutral
HouseOfCards last ever season drops on Netflix todayThen new Narcos comes in a few weeks Dont think Ill,negative
When asked why he is hard on drugs Duterte said that if all the youth will get hooked onto drugs no one will take care of,negative
Chris Pine stars in a Scottish epic Robin Wright returns to reign chaos on HouseOfCards a new Narcos brings us a stylish vi,positive
TUYO Narcos theme song New Cover by artist Narcos Netflix Nintendo cover tuyo art voice voz please vis,positive
TUYO Narcos theme song New Cover by artist Narcos Netflix Nintendo cover tuyo art voice voz,positive
When asked why he is hard on drugs Duterte said that if all the youth will get hooked onto drugs no one will take care of,negative
Narcos or PabloEscobarElPatronDelMal Any other suggestions on Netflix for a postsubmission binge PhDChat MentalHealth,neutral
Narcos or PabloEscobarElPatronDelMal Any other suggestions on Netflix for a postsubmission binge PhDChat,neutral
15 days for Narcos,neutral
El Chapo 3D printable portrait sculpt STL and OBJ files available here 3dprint,positive
When asked why he is hard on drugs Duterte said that if all the youth will get hooked onto drugs no one will take care of,negative
I REMEMBER infamous Columbian Drug Lord who was known as The KING Of Cocaine Pablo Emilio Escobar Gaviria Narcos,negative
Chris Pine stars in a Scottish epic Robin Wright returns to reign chaos on HouseOfCards a new Narcos brings us a stylish vi,positive
ketek Say hello to MCU actors on NarcosJuan Pablo RabaGlenn MorshowerEdward James OlmosMichael PenaAgentsofSHIELD AntMan,neutral
Narcos Mexico There goes my evenings for a little while,negative
A new month gives us a lot of new shows to watch on Netflix Coming midmonth is the highly anticipated,positive
Chris Pine stars in a Scottish epic Robin Wright returns to reign chaos on HouseOfCards a new Narcos brings us,positive
Discover Narcos feat Teeda Macc by Mr Bridgewater on deezer narcos mrbridgewater wcpr 2018 teedamacc,neutral
Catch the new season of Narcos a brandnew Coen Brothers movie and even a new movie from Hollywood legend Orson Welles on Ne,positive
Javier Pea from Narcos wants me to find Cuban guys with moustachesSide Note Really LOVING Narcos atm Cant wa,positive
I woke up yesterday and decided to be Pablo Escobar Halloween Narcos,neutral
1 LaCasaDePapel DONE 2 visavis DONE 3 BreakingBad DONE 4 PeakyBlinders DONE 5,neutral
Catch the new season of Narcos a brandnew Coen Brothers movie and even a new movie from Hollywood legend Orson,positive
When asked why he is hard on drugs Duterte said that if all the youth will get hooked onto drugs no one will tak,negative
You MUST watch the original now Dont miss the amazing WagnerMoura wear funky sweaters speak perfect S,positive
Good news for NarcosMexico fans MichaelPena amp DiegoLuna to come to IndiaNarcos,positive
Follow narcostateapparel And Look Out For That Real Dope Drip Narco Flag Sweatshirts Coming Soon narcostate,positive
Al gabbioNarcosExperiencenarcosbadguynetflixit LuccaLuccaCG18 luccacomics2018,neutral
Say hello to MCU actors on NarcosJuan Pablo RabaGlenn MorshowerEdward James OlmosMichael Pena,neutral
Good news for NarcosMexico fans MichaelPena amp DiegoLuna to come to IndiaNarcos,positive
NarcosMexico stars headed to IndiaMichaelPena DiegoLuna Entertainment Hollywood,neutral
NarcosMexico stars headed to IndiaMichaelPena DiegoLuna Entertainment Hollywood,neutral
Whats the most bingewatch worthy show you can think of In SomethingElse Ep68 Headstones singer Hug,positive
X Narcos Nacional Team Jersey amp heaps more is available now In store or HERE,positive
I finally started watching Narcos and my 3 fave things are1 Colonel Carillo wadda guy 2 Pablos pot belly,neutral
Eternal mood NewProfilePic redwedding rip yuh2depression trickortreat RedDeadRedemption2 YEETthatMEAT,neutral
kappatos What was your best Halloween costume I have to say mine was when my husband and I were Pablo Escobar amp Agent Murphy,positive
Directed by star in their own film in Narcos ft special guest,positive
Narcos was is an amazing show Top notch In SomethingElse Ep68 Headstones singer Hugh Dillon talk,positive
Para todos Los BerracosPablos backBe safe tonightHappy Halloween narcos,positive
Fan of Narcos Kingpins is a new podcast that exposes what it takes for a kingpin or queenpin to rise to the top a,positive
meme memeoftheday homepod where are you italian narcos escobarmeme apple,neutral
Repost narcos with getrepost narcos narcosmexico,neutral
Have you been binge watching Netflix Here are the top Netflix Original Series that were searched for globally within the las,positive
From the creators of Narcos This is the story of a man who walks from his war into another ours From the savage,neutral
Just finished Narcos season three Loved it Cant wait for season four starting November 16,positive
What was your best Halloween costume I have to say mine was when my husband and I were Pablo Escobar amp Agent Murph,positive
This song is so old but i still vibe out to it The feature i did with,positive
This song is so old but i still vibe out to it The feature i did with,positive
Life is all about deals and negotiationsNarcos,neutral
Have you seen the new trailer yet Narcos NarcosMexico,positive
This song is so old but i still vibe out to it The feature i did with squablz IQUE0927 MADSQUABLZ,positive
Shumba moyo just as a side note Narcos on Netflix is brilliant to lea,positive
my heart stops oh my jorge Narcos,neutral
Shumba moyo just as a side note Narcos on Netflix is brillia,neutral
Ive just watched episode S02E09 of Narcos narcos tvtime,neutral
I religious aspects of Gomorra salience of Catholicism to the Camorra is highlighted as a scholar who has written o,neutral
Netflix has this bad habit of making second third seasons of shows which should have ended in one 13ReasonsWhy,negative
Ive just watched episode S02E08 of Narcos narcos tvtime,neutral
Look out petco here come the Escobars for the holiday party pabloescobar narcos Halloween halloweencostume,neutral
OPEN 40sampShorties NARCOS narcos x 40sAndShorties Dropping tomorrow 111 NARCOS x,neutral
I was born amp raised in Medellin Colombia an amazing amp vibrant city in the middle of the mountainsPlease do not menti,positive
Sup cdmx netflix narcos Four Seasons Hotel Mexico City,neutral
Narcos Mexico official trailer has some serious Scarface vibes Netflix,negative
For all Indian Fans who drool after watching Narcos they should consider watching Powder as well Thanks,positive
Narcos Wrap Party thanks CDMX netflix narcos Four Seasons Hotel Mexico City,positive
Whats the most bingewatch worthy show you can think of In SomethingElse Ep68 Headstones singer Hug,positive
whats a dope netflix movie im takn a break from Narcos,neutral
I was born amp raised in Medellin Colombia an amazing amp vibrant city in the middle of the mountainsPlease do not menti,positive
Though I was skeptical about Narcos initially but there hasnt been a dull moment in the entire 3 seasons when you want t,negative
Is that my man on Narcos narcos,neutral
Ive just watched episode S02E07 of Narcos narcos tvtime,neutral
Season 1 completedKl sy second start krengyNarcos,neutral
Narcos was is an amazing show Top notch In SomethingElse Ep68 Headstones singer Hugh Dillon talk,positive
I religious aspects of Gomorra salience of Catholicism to the Camorra is highlighted as a scholar who has writ,neutral
Ive just watched episode S01E09 of Narcos narcos tvtime,neutral
is coming Nov 16 ManuelMasalva Netflix Narcos BOOKPR BOOKPRTeam,neutral
Though I was skeptical about Narcos initially but there hasnt been a dull moment in the entire 3 seasons when you want t,negative
Bande annonce explosive Narcos NarcosMexico Netflix,neutral
Tonights new episode of Narcos,positive
I was born amp raised in Medellin Colombia an amazing amp vibrant city in the middle of the mountainsPlease do not menti,positive
I was born amp raised in Medellin Colombia an amazing amp vibrant city in the middle of the mountainsPlease do not menti,positive
yey Jorge is alive Narcos,positive
Though I was skeptical about Narcos initially but there hasnt been a dull moment in the entire 3 seasons when you want t,negative
Finished First Season Of Narcos Its As Addictive As Fuck Damn awesome and so badass series Pablo Escoba,positive
Though I was skeptical about Narcos initially but there hasnt been a dull moment in the entire 3 seasons when yo,negative
Have you been binge watching Netflix Here are the top Netflix Original Series that were searched for globally within the las,positive
Have you been binge watching Netflix Here are the top Netflix Original Series that were searched for globally within the las,positive
Repost zee throwback To when the homies came to visit LuckyToLiveHI charliehunnam tri,neutral
Have you been binge watching Netflix Here are the top Netflix Original Series that were searched for globally within the las,positive
Add these shows to your list and bingewatch on weekend Netflix NetflixTH Showtime tvshow series BreakingBad mindhunt,neutral
Not to forget well be watching NARCOS MEXICO on November 16 Narcos,neutral
Why didnt I start watching before so good narcos,positive
Repost zee throwback To when the homies came to visit LuckyToLiveHI charliehunnam tri,neutral
Great talk w TheDeadDaisies singer John Corabi Hear the FULL unedited convo rock documentary StevenTyler amp,positive
Viva Colombia New X Narcos collab is here Transport Polo plus heaps more in store amp online now,positive
Jennifer Winget plays tough cop in Narcos narcos cop actionthriller,negative
Repost zee throwback To when the homies came to visit LuckyToLiveHI charliehunnam tri,neutral
Have you been binge watching Netflix Here are the top Netflix Original Series that were searched for globally within the las,positive
Thx RT truecrime for Narcos fansBUCCANEER 8x awardwinning Medellin Cartel pilots avi,neutral
Have you been binge watching Netflix Here are the top Netflix Original Series that were searched for globally within the las,positive
Anti Narcotics Cell led by dcpshivdeeplande arrested Sikandar Shaikh37 a resident of Bandra E for allegedly possesi,negative
Anti Narcotics Cell led by dcpshivdeeplande arrested Sikandar Shaikh37 a resident of Bandra E for allegedly possesi,negative
Whats the most bingewatch worthy show you can think of In SomethingElse Ep68 Headstones singer Hug,positive
Talked rock documentaries StevenTyler amp RobertPlant BTO BobSeger fronting MotleyCrue legalized marijuana,neutral
Hear the FULL unedited conversation w rock documentary StevenTyler amp RobertPlant,positive
Ive just watched episode S01E02 of Narcos narcos tvtime,neutral
Ive just watched episode S02E06 of Narcos narcos tvtime,neutral
I was born amp raised in Medellin Colombia an amazing amp vibrant city in the middle of the mountainsPlease do not menti,positive
I was born amp raised in Medellin Colombia an amazing amp vibrant city in the middle of the mountainsPlease do not menti,positive
Ive just watched episode S02E05 of Narcos narcos tvtime,neutral
Narcos was is an amazing show Top notch In SomethingElse Ep68 Headstones singer Hugh Dillon talks a,positive
Narcos was is an amazing show Top notch In SomethingElse Ep68 Headstones singer Hugh Dillon talk,positive
Have you been binge watching Netflix Here are the top Netflix Original Series that were searched for globally within the las,positive
This Photographer Captured the World of Cocaine Farmers in Colombia Narcos,neutral
I was born amp raised in Medellin Colombia an amazing amp vibrant city in the middle of the mountainsPlease do not menti,positive
Have you been binge watching Netflix Here are the top Netflix Original Series that were searched for globally within the las,positive
Have you been binge watching Netflix Here are the top Netflix Original Series that were searched for globally within the las,positive
Anti Narcotics Cell led by dcpshivdeeplande arrested Sikandar Shaikh37 a resident of Bandra E for allegedly possesi,negative
Have you been binge watching Netflix Here are the top Netflix Original Series that were searched for globally within the las,positive
Have you been binge watching Netflix Here are the top Netflix Original Series that were searched for globally within the las,positive
Have you been binge watching Netflix Here are the top Netflix Original Series that were searched for globally within the las,positive
I was born amp raised in Medellin Colombia an amazing amp vibrant city in the middle of the mountainsPlease do not menti,positive
Have you been binge watching Netflix Here are the top Netflix Original Series that were searched for globally within the las,positive
Have you been binge watching Netflix Here are the top Netflix Original Series that were searched for globally within the las,positive
Have you been binge watching Netflix Here are the top Netflix Original Series that were searched for globally wit,positive
Bande annonce explosive Narcos NarcosMexico Netflix,neutral
Have you seen the new trailer yet Narcos NarcosMexico,positive
I was born amp raised in Medellin Colombia an amazing amp vibrant city in the middle of the mountainsPlease do not menti,positive
I was born amp raised in Medellin Colombia an amazing amp vibrant city in the middle of the mountainsPlease do not menti,positive
I was born amp raised in Medellin Colombia an amazing amp vibrant city in the middle of the mountainsPlease do not menti,positive
I was born amp raised in Medellin Colombia an amazing amp vibrant city in the middle of the mountainsPlease do not menti,positive
I was born amp raised in Medellin Colombia an amazing amp vibrant city in the middle of the mountainsPlease do not menti,positive
I was born amp raised in Medellin Colombia an amazing amp vibrant city in the middle of the mountainsPlease do not menti,positive
I was born amp raised in Medellin Colombia an amazing amp vibrant city in the middle of the mountainsPlease do not,positive
I was born amp raised in Medellin Colombia an amazing amp vibrant city in the middle of the mountainsPlease do not,positive
Watch an entire episode of Narcos ThingsYouCanDoDuringPogbasPenaltyRunUp,neutral
Thx RT truecrime for Narcos fansBUCCANEER 8x awardwinning Medellin Cartel pilot,neutral
Anti Narcotics Cell led by dcpshivdeeplande arrested Sikandar Shaikh37 a resident of Bandra E for allegedly possesi,negative
Repost zee throwback To when the homies came to visit LuckyToLiveHI charliehunnam tri,neutral
Anti Narcotics Cell led by dcpshivdeeplande arrested Sikandar Shaikh37 a resident of Bandra E for allegedly possesi,negative
I was enjoying SonsOfAnarchy then season 2 starts with rapeabuse and I needed to stop watching it I started to,positive
Anti Narcotics Cell led by dcpshivdeeplande arrested Sikandar Shaikh37 a resident of Bandra E for allegedly,negative
Hey Narcos fans Think all associates of Pablo Escobar were violent You dont know Jack Read raw Medellin Cartel pilot,negative
Repost zee throwback To when the homies came to visit LuckyToLiveHI charliehunnam,neutral
Ive just watched episode S01E01 of Narcos narcos tvtime,neutral
These programs entail intervention of users arrest of drug personalities the removal of transshipment points and manufactu,negative
Add these shows to your list and bingewatch on weekend Netflix NetflixTH Showtime tvshow series BreakingBad,neutral
Great talk w TheDeadDaisies singer John Corabi Hear the FULL unedited convo rock documentary StevenTyler amp,positive
Ive just watched episode S01E07 of Narcos narcos tvtime,neutral
The next season of Narcos is going to be fcking unbelievably good folks Keep watching,positive
The Glorification amp Idolatry of Narcotrafficker is pretty silly they kill consume plenty of narcotics not loya,negative
Its worth pondering why medellin Colombia can transition from the murder capital of the world to an economic forc,positive
Its worth pondering why medellin Colombia can transition from the murder capital of the world to an economic forc,positive
Its worth pondering why medellin Colombia can transition from the murder capital of the world to an economic f,positive
Ozark Narcos MakingAMurderer just to name a fewdepends on whatcha like,neutral
Whats the most bingewatch worthy show you can think of In SomethingElse Ep68 Headstones singer Hug,positive
Talked rock documentaries StevenTyler amp RobertPlant BTO BobSeger fronting MotleyCrue legalized marijuana,neutral
fomf narcos tropical spi beach musiclover love rapper lyrical clickonmybiolink yo,positive
Narcos Mexico Official Trailer HD Netflix via,neutral
Hear the FULL unedited conversation w rock documentary StevenTyler amp RobertPlant,positive
Hey Narcos fans Think all associates of Pablo Escobar were violent You dont know Jack Read raw Medellin Cartel,negative
Ive just watched episode S01E10 of Narcos narcos tvtime,neutral
Think all associates of Pablo Escobar were violent You dont know Jack Read 8x awardwinning truecrime raw hone,negative
Think all associates of Pablo Escobar were violent You dont know Jack Read 8x awardwinning raw honest Medellin,negative
ferraz For those who never saw Narcos season 1 its woth to see the episode when Escobar is campaigning,neutral
Think all associates of PabloEscobar were violent You dont know Jack Read 8x awardwinning raw honest Medellin,negative
sometimes you gotta do bad things to catch bad people Narcos Netflix,negative
Ive just watched episode S02E04 of Narcos narcos tvtime,neutral
Narcos was is an amazing show Top notch In SomethingElse Ep68 Headstones singer Hugh Dillon talk,positive
Ive just watched episode S02E03 of Narcos narcos tvtime,neutral
Business has never been better Narcos,negative
Bande annonce explosive Narcos NarcosMexico Netflix,neutral
Lazy Sunday narcos netflix,negative
My shooter Pablo is back Narcos,neutral
when knows youre a Narcos fanatic but ill shut up now NarcosMexico,negative
Ive just watched episode S02E02 of Narcos narcos tvtime,neutral
In the United States the Mafia makes witnesses disappear so they cant testify in court In Colombia Pablo Escoba,neutral
Narcos Indian Version bulletbeat music studio studiolife hiphop beat producer maschinestudio maschine,neutral
Nothing gives the fearful more courage than anothers fear narcos,negative
Finished with MoneyHeist Season 2Cant wait for season 3Also awaiting Narcos next seasonAny other suggestions,neutral
Finished with MoneyHeist Season 2Cant wait for season 3Also awaiting Narcos next seasonAny other suggestions,neutral
narcos has so many sex scenes i be ready to flip bae over and,positive
Finished with MoneyHeist Season 2Cant wait for season 3Also awaiting Narcos next seasonAny other suggestions,neutral
Big happy birthday to my boy jaimes29 narcos,positive
Great talk w TheDeadDaisies singer John Corabi Hear the FULL unedited convo rock documentary StevenTyler amp,positive
Finished with MoneyHeist Season 2Cant wait for season 3Also awaiting Narcos next seasonAny other suggest,neutral
Its Rick James bitch Halloween2018 Narcos,neutral
Pablo Escobar is the definition of big dick energy Narcos,neutral
Happy Halloween from Pablo Escobar and Rick James ft Connie the Puberty Monster BigMouth Narcos,positive
Ive just watched episode S01E08 of Narcos narcos tvtime,neutral
When the puberty monster finds Pablo bigmouth narcos Halloween2018,neutral
Ive just watched episode S02E01 of Narcos narcos tvtime,neutral
Narcos Me at 1 Am,neutral
Whats the most bingewatch worthy show you can think of In SomethingElse Ep68 Headstones singer Hug,positive
MAKE HER CUM YOU WONT LAST 5 MINSPlay Online on HTTPS and SSL secure 3D Narcos XXX HD,positive
Talked rock documentaries StevenTyler amp RobertPlant BTO BobSeger fronting MotleyCrue legalized marijuana,neutral
Swear the dealers are getting younger these days pablo escobar narcos dealer cocaine dea crazygringo,neutral
Swear the dealers are getting younger these days pablo escobar narcos dealer cocaine dea crazygringo,neutral
Hear the FULL unedited conversation w rock documentary StevenTyler amp RobertPlant,positive
Just started watching Narcos Is there this much subtitling all the way through,positive
Ive just watched episode S01E08 of Narcos narcos tvtime,neutral
Ive just watched episode S01E09 of Narcos narcos tvtime,neutral
Ive just watched episode S01E08 of Narcos narcos tvtime,neutral
The way DP Ruto is dishing out cash can only be equated to the famous drug lord Pablo Escobar from Colombia Narcos,positive
Spanish gov bans sailing of NaRC boatsSmugglers use these vessels for HaSHiSH and 21th c,neutral
Ive just watched episode S01E02 of Narcos narcos tvtime,neutral
Bro which is your favourite season in Narcos U like Pablo Escobar Pablo Emilio Escobar Gaviri,neutral
These programs entail intervention of users arrest of drug personalities the removal of transshipment points and,negative
Right a curry amp the Cali Cartel Narcos,positive
Ive just watched episode S01E07 of Narcos narcos tvtime,neutral
Narcos was is an amazing show Top notch In SomethingElse Ep68 Headstones singer Hugh Dillon talk,positive
Loved talking Foucault Freud and cocaine with this brilliant thinker Laurent de Sutter interview now available Na,positive
Ive just watched episode S01E06 of Narcos narcos tvtime,neutral
The moment when you are watching Narcos and son of Pablo Escobar likes your tweet Feeling a little star struck,negative
Bande annonce explosive Narcos NarcosMexico Netflix,neutral
This looks SO good Narcos NarcosMexico,positive
Imagine you were born in a poor family in a poor city in a poor country and by the time you were 28 years old y,negative
TIMESMag Sr Cultivation Editor was a featured guest of Ep139 Hear the FULL unedited interview,positive
TIMESMag Sr Cultivation Editor was a featured guest of Ep139 Hear the FULL unedited interview,positive
Just finished season 3 of Narcos it was espectacular Loved every character on itesp Jorge SalcedoI don,positive
No showing off Whats with all the rifles Youre meeting politicians not gangstersArent they the same bos,neutral
In Switzerland we are nobody Pablo What good is having all the money in the world if you cant go home Narcos,positive
The story of Colombian drug lord PabloEscobar is an addiction like the drugs he sells Narcos Netflix,neutral
The guy was a business man Did Colombia take the deal Narcos NarcosDemocracy,neutral
RT amp Follow to WIN season 1 Narcos DVD bundle E2609,positive
The war on drugs started here Diego Luna and Michael Pea star in the brand new trailer for Narcos Mexico,positive
Im not saying they are the same person but have you seen them in the same room at the same time Exactly nhl nhl19,positive
Narcos is building a new empire when it heads to Mexico The fourth season of the drug cartel drama Narcos Mexico d,positive
Great talk w TheDeadDaisies singer John Corabi Hear the FULL unedited convo rock documentary StevenTyler amp,positive
2 days medical leave My body is just not used to relax anymore doing housework instead on heavy medication RIP,negative
Netflix AnuragKashyap sacred games only good if not watched narcos yet creativity limited to reconstruction,positive
TIMESMag Sr Cultivation Editor was a featured guest of Ep139 Hear the FULL unedited intervie,positive
Im not saying they are the same person but have you seen them in the same room at the same time Exactly nhl,positive
Whats the most bingewatch worthy show you can think of In SomethingElse Ep68 Headstones singer Hug,positive
Talked rock documentaries StevenTyler amp RobertPlant BTO BobSeger fronting MotleyCrue legalized marijuana,neutral
Me and my squad are dressing up as the cartel from Cali from narcos and the girls will be cops stay tuned,neutral
Albanias opposition leader Lulzim Basha said on Friday that he wants an indepth investigation into alleged vot,negative
Finished Narcos Season 3 Holy shit its absolutely brilliant,positive
Yesterday narcos actress at the LAMA wearing dress accessories and,neutral
Hear the FULL unedited conversation w rock documentary StevenTyler amp RobertPlant,positive
Ive just watched episode S01E06 of Narcos narcos tvtime,neutral
VictorBlanco Today narcos actress at the LAMA wearing dress accessories and,neutral
miss lorena just seen S02E03 of Narcos narcos tvtime,neutral
FBF That one time I worked with the Great on BloodFather This guy is as an Amazing Actor but I was more,positive
